{
  "initialization_time": 0.4936788082122803,
  "execution_time": 22.81803822517395,
  "total_time": 23.31171703338623
}